sentence,homophone,condition,repeated,plural,target_token_surprisal,target_span_surprisal_sum,target_span_surprisal_mean,spillover_1_surprisal,spillover_2_surprisal,n_target_tokens,target_token_str,match_found,model,checkpoint,n_params
"The store sold many drinks including port, but Amy decided to only buy port because it was her favorite.",port,subordinate,yes,no,11.6160888671875,11.6160888671875,11.6160888671875,10.080739974975586,11.381720542907715,1, port,True,EleutherAI/pythia-70m,16,70426624
"The store sold many drinks, but Amy decided to only buy port because it was her favorite.",port,subordinate,no,no,11.586426734924316,11.586426734924316,11.586426734924316,10.023189544677734,11.418990135192871,1, port,True,EleutherAI/pythia-70m,16,70426624
"The last fish Marissa caught had brown scales, but the other fish had scales in every color of the rainbow.",scales,subordinate,yes,yes,10.649046897888184,10.649046897888184,10.649046897888184,10.838104248046875,11.449596405029297,1, scales,True,EleutherAI/pythia-70m,16,70426624
"The last fish Marissa caught was brown, but the other fish had scales in every color of the rainbow.",scales,subordinate,no,yes,10.5792236328125,10.5792236328125,10.5792236328125,10.931114196777344,11.456705093383789,1, scales,True,EleutherAI/pythia-70m,16,70426624
"Data can be displayed in a graph or table, but often a table makes results easier to understand.",table,subordinate,yes,no,11.402719497680664,11.402719497680664,11.402719497680664,11.967126846313477,11.279542922973633,1, table,True,EleutherAI/pythia-70m,16,70426624
"Data can be displayed in different forms, but often a table makes results easier to understand.",table,subordinate,no,no,11.49930191040039,11.49930191040039,11.49930191040039,12.007180213928223,11.278009414672852,1, table,True,EleutherAI/pythia-70m,16,70426624
"From the stands, the new baseball diamond looked a lot larger than the old diamond that had been torn down.",diamond,subordinate,yes,no,11.07103443145752,11.07103443145752,11.07103443145752,11.50187873840332,11.402042388916016,1, diamond,True,EleutherAI/pythia-70m,16,70426624
"From the stands, the new baseball field looked a lot larger than the old diamond that had been torn down.",diamond,subordinate,no,no,11.113996505737305,11.113996505737305,11.113996505737305,11.448360443115234,11.38729190826416,1, diamond,True,EleutherAI/pythia-70m,16,70426624
Mark was told to check the duck's feet and bill for injuries and to put a tag on its bill if it appeared fine.,bill,subordinate,yes,no,10.902846336364746,10.902846336364746,10.902846336364746,10.843578338623047,10.87220287322998,1, bill,True,EleutherAI/pythia-70m,16,70426624
Mark was told to check the duck's body for injuries and to put a tag on its bill if it appeared fine.,bill,subordinate,no,no,10.836499214172363,10.836499214172363,10.836499214172363,10.87846565246582,10.816282272338867,1, bill,True,EleutherAI/pythia-70m,16,70426624
Kara's loud neighbors made so much racket that it made the racket her kids were making seem like nothing.,racket,subordinate,yes,no,10.761564254760742,10.761564254760742,10.761564254760742,11.612890243530273,10.416191101074219,1, racket,True,EleutherAI/pythia-70m,16,70426624
Kara's loud neighbors made so much noise that it made the racket her kids were making seem like nothing.,racket,subordinate,no,no,10.616342544555664,10.616342544555664,10.616342544555664,11.623336791992188,10.4463529586792,1, racket,True,EleutherAI/pythia-70m,16,70426624
"Susan's job was to clean the stall and pen every day, which was easy except that the pen was a mess.",pen,subordinate,yes,no,10.755949020385742,10.755949020385742,10.755949020385742,10.474058151245117,10.213578224182129,1, pen,True,EleutherAI/pythia-70m,16,70426624
"Susan's job was to clean the barn each day, which was easy except that the pen was a mess.",pen,subordinate,no,no,10.790157318115234,10.790157318115234,10.790157318115234,10.533183097839355,10.168206214904785,1, pen,True,EleutherAI/pythia-70m,16,70426624
"The votes between disco and ball for the dance theme were close, but in the end the ball won the vote.",ball,subordinate,yes,no,11.01842212677002,11.01842212677002,11.01842212677002,11.915708541870117,8.75840950012207,1, ball,True,EleutherAI/pythia-70m,16,70426624
"The votes for the dance theme were close, but in the end the ball won the vote.",ball,subordinate,no,no,11.206510543823242,11.206510543823242,11.206510543823242,11.929878234863281,8.839553833007812,1, ball,True,EleutherAI/pythia-70m,16,70426624
"When Joe found the flooded bank, he grabbed his boots before walking along the bank to work.",bank,subordinate,yes,no,10.220987319946289,10.220987319946289,10.220987319946289,9.603574752807617,9.714192390441895,1, bank,True,EleutherAI/pythia-70m,16,70426624
"When Joe found the flooded river, he grabbed his boots before walking along the bank to work.",bank,subordinate,no,no,10.216578483581543,10.216578483581543,10.216578483581543,9.50355339050293,9.727524757385254,1, bank,True,EleutherAI/pythia-70m,16,70426624
At the museum the kids saw the machine for sending a wire and each student sent a wire to a friend.,wire,subordinate,yes,no,11.10373592376709,11.10373592376709,11.10373592376709,9.441079139709473,10.235173225402832,1, wire,True,EleutherAI/pythia-70m,16,70426624
At the museum the kids saw the machine for sending a telegram and each student sent a wire to a friend.,wire,subordinate,no,no,11.109451293945312,11.109451293945312,11.109451293945312,9.430641174316406,10.140043258666992,1, wire,True,EleutherAI/pythia-70m,16,70426624
"The hunting lodge was full of antlers and horns, but most impressive was the rhino horn hanging on the wall.",horn,subordinate,yes,no,10.788936614990234,10.788936614990234,10.788936614990234,11.33583927154541,10.32967472076416,1, horn,True,EleutherAI/pythia-70m,16,70426624
"The hunting lodge was full of trophies, but most impressive was the rhino horn hanging on the wall.",horn,subordinate,no,no,10.643951416015625,10.643951416015625,10.643951416015625,11.428762435913086,10.447688102722168,1, horn,True,EleutherAI/pythia-70m,16,70426624
"Jamie wanted to go on a tour of the treasury and the mint, but on Mondays the mint was closed to the public.",mint,subordinate,yes,no,11.609814643859863,11.609814643859863,11.609814643859863,11.276433944702148,12.191248893737793,1, mint,True,EleutherAI/pythia-70m,16,70426624
"Jamie wanted to go on a tour of where money is made, but on Mondays the mint was closed to the public.",mint,subordinate,no,no,11.677423477172852,11.677423477172852,11.677423477172852,11.295489311218262,12.137882232666016,1, mint,True,EleutherAI/pythia-70m,16,70426624
Pam had to decide whether to fly first-class or coach; she decided to fly coach because the ticket was cheaper.,coach,subordinate,yes,no,11.215421676635742,11.215421676635742,11.215421676635742,10.651599884033203,9.9708251953125,1, coach,True,EleutherAI/pythia-70m,16,70426624
Pam had to decide whether or not to fly in first-class; she decided to fly coach because the ticket was cheaper.,coach,subordinate,no,no,11.299125671386719,11.299125671386719,11.299125671386719,10.601034164428711,9.982450485229492,1, coach,True,EleutherAI/pythia-70m,16,70426624
"To tend a hot fire, it's best to use a stick or a poker, but when it's really hot a metal poker can burn you.",poker,subordinate,yes,no,11.256815910339355,11.256815910339355,11.256815910339355,10.72214126586914,11.682249069213867,1, poker,True,EleutherAI/pythia-70m,16,70426624
"To tend a hot fire, it's best to use a stick or tool, but when it's really hot a metal poker can burn you.",poker,subordinate,no,no,11.206119537353516,11.206119537353516,11.206119537353516,10.756486892700195,11.67607593536377,1, poker,True,EleutherAI/pythia-70m,16,70426624
"Even though the pet store had cute huskies and boxers, John had no difficulty picking the boxer puppy for his son.",boxer,subordinate,yes,no,10.61991024017334,22.349227905273438,11.174613952636719,10.919609069824219,10.535157203674316,2, boxer,True,EleutherAI/pythia-70m,16,70426624
"Even though the pet store had many cute puppies, John had no difficulty picking the boxer puppy for his son.",boxer,subordinate,no,no,10.561378479003906,22.20905113220215,11.104525566101074,11.093916893005371,10.460962295532227,2, boxer,True,EleutherAI/pythia-70m,16,70426624
"The president began the meeting with his cabinet and advisors, but only the cabinet was allowed to stay for the end.",cabinet,subordinate,yes,no,10.587823867797852,10.587823867797852,10.587823867797852,11.074261665344238,11.772658348083496,1, cabinet,True,EleutherAI/pythia-70m,16,70426624
"The president began the meeting with all his advisors, but only the cabinet was allowed to stay for the end.",cabinet,subordinate,no,no,10.480552673339844,10.480552673339844,10.480552673339844,11.052864074707031,11.809257507324219,1, cabinet,True,EleutherAI/pythia-70m,16,70426624
"Martin saw the perfect engagement ring and wedding band set, but was disappointed when the band was sold out.",band,subordinate,yes,no,10.09872817993164,10.09872817993164,10.09872817993164,11.371407508850098,12.461448669433594,1, band,True,EleutherAI/pythia-70m,16,70426624
"Martin saw the perfect engagement ring set, but was disappointed when the band was sold out.",band,subordinate,no,no,10.07617473602295,10.07617473602295,10.07617473602295,11.351462364196777,12.401876449584961,1, band,True,EleutherAI/pythia-70m,16,70426624
"On the flute certain notes are hard to play, but they are not as bad as the same notes on the oboe.",notes,subordinate,yes,yes,11.324345588684082,11.324345588684082,11.324345588684082,10.371660232543945,9.25088882446289,1, notes,True,EleutherAI/pythia-70m,16,70426624
"On the flute certain sounds are hard to play, but they are not as bad as the same notes on the oboe.",notes,subordinate,no,yes,11.300111770629883,11.300111770629883,11.300111770629883,10.320596694946289,9.276331901550293,1, notes,True,EleutherAI/pythia-70m,16,70426624
"The sound problem could only be due to either the speaker or the cable, it turned out that the speaker was broken.",speaker,subordinate,yes,no,12.31830883026123,12.31830883026123,12.31830883026123,10.83513069152832,12.137470245361328,1, speaker,True,EleutherAI/pythia-70m,16,70426624
"The sound problem could only be due to a few things, it turned out that the speaker was broken.",speaker,subordinate,no,no,12.593528747558594,12.593528747558594,12.593528747558594,10.74945068359375,12.254110336303711,1, speaker,True,EleutherAI/pythia-70m,16,70426624
"Erin knew to check the map's legend to figure out what the symbols meant, but there was no legend on her map.",legend,subordinate,yes,no,10.496228218078613,10.496228218078613,10.496228218078613,10.579344749450684,10.657570838928223,1, legend,True,EleutherAI/pythia-70m,16,70426624
"Erin knew to check the map to figure out what the symbols meant, but there was no legend on her map.",legend,subordinate,no,no,10.448095321655273,10.448095321655273,10.448095321655273,10.462667465209961,10.688478469848633,1, legend,True,EleutherAI/pythia-70m,16,70426624
"Kayla was hoping to get a condo on the fourth story, but the best they had was the third story so she didn't buy it.",story,subordinate,yes,no,11.281871795654297,11.281871795654297,11.281871795654297,9.44476318359375,10.083904266357422,1, story,True,EleutherAI/pythia-70m,16,70426624
"Kayla was hoping to get a condo on the fourth floor, but the best they had was the third story so she didn't buy it.",story,subordinate,no,no,11.16665267944336,11.16665267944336,11.16665267944336,9.477832794189453,10.010665893554688,1, story,True,EleutherAI/pythia-70m,16,70426624
"No one wants to live near an electrical station or a plant, so the homes next to the plant were vacant.",plant,subordinate,yes,no,11.325400352478027,11.325400352478027,11.325400352478027,10.738764762878418,12.632331848144531,1, plant,True,EleutherAI/pythia-70m,16,70426624
"No one wants to live near manufacturing facilities, so the homes next to the plant were vacant.",plant,subordinate,no,no,11.647451400756836,11.647451400756836,11.647451400756836,10.72914981842041,12.633628845214844,1, plant,True,EleutherAI/pythia-70m,16,70426624
"After hiking Mike had some cuts on his feet and a corn on one toe, after the walk home he had a corn on each foot.",corn,subordinate,yes,no,11.879828453063965,11.879828453063965,11.879828453063965,11.581338882446289,11.743268966674805,1, corn,True,EleutherAI/pythia-70m,16,70426624
"After hiking Mike had some cuts on his feet, after the walk home he had a corn on each foot.",corn,subordinate,no,no,11.781078338623047,11.781078338623047,11.781078338623047,11.545283317565918,11.769928932189941,1, corn,True,EleutherAI/pythia-70m,16,70426624
"Paul had only seen nuns in black habits, so when he saw a group of nuns in dark blue habits he was very surprised.",habits,subordinate,yes,yes,11.010430335998535,11.010430335998535,11.010430335998535,11.763474464416504,10.592057228088379,1, habits,True,EleutherAI/pythia-70m,16,70426624
"Paul had only seen nuns in black clothes, so when he saw a group of nuns in dark blue habits he was very surprised.",habits,subordinate,no,yes,10.962065696716309,10.962065696716309,10.962065696716309,11.756278038024902,10.613493919372559,1, habits,True,EleutherAI/pythia-70m,16,70426624
"The dentist suggested a root canal and crown, but Todd could only get a crown because he didn't have much money.",crown,subordinate,yes,no,10.61875057220459,10.61875057220459,10.61875057220459,10.601102828979492,11.300882339477539,1, crown,True,EleutherAI/pythia-70m,16,70426624
"The dentist suggested a few different treatments, but Todd could only get a crown because he didn't have much money.",crown,subordinate,no,no,10.484891891479492,10.484891891479492,10.484891891479492,10.52029800415039,11.278131484985352,1, crown,True,EleutherAI/pythia-70m,16,70426624
"His lawyer assured him that he could beat the first law suit, but the second law suit would be a challenge.",suit,subordinate,yes,no,11.948798179626465,11.948798179626465,11.948798179626465,10.823101043701172,11.447742462158203,1, suit,True,EleutherAI/pythia-70m,16,70426624
"His lawyer assured him that he could beat the first case, but the second law suit would be a challenge.",suit,subordinate,no,no,11.939064025878906,11.939064025878906,11.939064025878906,10.79991626739502,11.602227210998535,1, suit,True,EleutherAI/pythia-70m,16,70426624
"The walls looked ok after the first coat finished drying, but Katie applied a second coat to really make them pop.",coat,subordinate,yes,no,11.751331329345703,11.751331329345703,11.751331329345703,9.925453186035156,11.375986099243164,1, coat,True,EleutherAI/pythia-70m,16,70426624
"The walls looked ok after the paint finished drying, but Katie applied a second coat to really make them pop.",coat,subordinate,no,no,11.682111740112305,11.682111740112305,11.682111740112305,9.912922859191895,11.341108322143555,1, coat,True,EleutherAI/pythia-70m,16,70426624
"Evan went to the movie premier in hopes of meeting his two favorite stars, but one of the stars didn't show up.",stars,subordinate,yes,yes,10.29136848449707,10.29136848449707,10.29136848449707,10.739023208618164,10.522781372070312,1, stars,True,EleutherAI/pythia-70m,16,70426624
"Evan went to the movie premier in hopes of meeting his two favorite actors, but one of the stars didn't show up.",stars,subordinate,no,yes,10.2130126953125,10.2130126953125,10.2130126953125,10.879766464233398,10.563997268676758,1, stars,True,EleutherAI/pythia-70m,16,70426624
"As best man, Kurt's jobs were to hold the rings and give a toast, which was fine except the toast made him nervous.",toast,subordinate,yes,no,11.090118408203125,11.090118408203125,11.090118408203125,10.179241180419922,11.571097373962402,1, toast,True,EleutherAI/pythia-70m,16,70426624
"As best man, Kurt's jobs were to say a few words at the reception, which was fine except the toast made him nervous.",toast,subordinate,no,no,11.024242401123047,11.024242401123047,11.024242401123047,10.219362258911133,11.459498405456543,1, toast,True,EleutherAI/pythia-70m,16,70426624
In early spring Lara plants tulip bulbs and by the middle of spring the bulbs begin to sprout.,bulbs,subordinate,yes,yes,10.655464172363281,10.655464172363281,10.655464172363281,11.405919075012207,8.963115692138672,1, bulbs,True,EleutherAI/pythia-70m,16,70426624
In early spring Lara plants tulips and by the middle of spring the bulbs begin to sprout.,bulbs,subordinate,no,yes,10.704780578613281,10.704780578613281,10.704780578613281,11.339303970336914,8.873083114624023,1, bulbs,True,EleutherAI/pythia-70m,16,70426624
"When the shepherd lost his supplies and staff, he had to use a stick as his staff that day on the trail.",staff,subordinate,yes,no,11.195510864257812,11.195510864257812,11.195510864257812,11.876829147338867,10.974835395812988,1, staff,True,EleutherAI/pythia-70m,16,70426624
"When the shepherd lost his supplies, he had to use a stick as his staff that day on the trail.",staff,subordinate,no,no,11.178747177124023,11.178747177124023,11.178747177124023,12.005173683166504,10.963300704956055,1, staff,True,EleutherAI/pythia-70m,16,70426624
"Although the election for department chair was usually very close, this year the chair was elected unanimously.",chair,subordinate,yes,no,10.887581825256348,10.887581825256348,10.887581825256348,11.062984466552734,11.071041107177734,1, chair,True,EleutherAI/pythia-70m,16,70426624
"Although the election for department head was usually very close, this year the chair was elected unanimously",chair,subordinate,no,no,11.003962516784668,11.003962516784668,11.003962516784668,11.093988418579102,11.165935516357422,1, chair,True,EleutherAI/pythia-70m,16,70426624
"Emily hated eating food with seeds or a pit, so she was upset to find a pit in the exotic fruit she tried.",pit,subordinate,yes,no,10.905420303344727,10.905420303344727,10.905420303344727,10.181425094604492,8.460500717163086,1, pit,True,EleutherAI/pythia-70m,16,70426624
"Emily hated eating food with inedible parts inside, so she was upset to find a pit in the exotic fruit she tried.",pit,subordinate,no,no,11.006386756896973,11.006386756896973,11.006386756896973,10.460424423217773,8.524399757385254,1, pit,True,EleutherAI/pythia-70m,16,70426624
"The ship docked at the port, but the sailors didn't want to stay in the port that evening.",port,dominant,yes,no,11.682519912719727,11.682519912719727,11.682519912719727,11.531108856201172,10.80438232421875,1, port,True,EleutherAI/pythia-70m,16,70426624
"The ship docked at the harbor, but the sailors didn't want to stay in the port that evening.",port,dominant,no,no,11.772746086120605,11.772746086120605,11.772746086120605,11.443378448486328,10.780353546142578,1, port,True,EleutherAI/pythia-70m,16,70426624
"The food could be weighed with a balance or scale, but Marcy chose a scale because it was more precise",scale,dominant,yes,no,9.86663818359375,9.86663818359375,9.86663818359375,10.286930084228516,11.363344192504883,1, scale,True,EleutherAI/pythia-70m,16,70426624
"The food could be weighed a few different ways, but Marcy chose a scale because it was more precise.",scale,dominant,no,no,10.024559020996094,10.024559020996094,10.024559020996094,10.398613929748535,11.360289573669434,1, scale,True,EleutherAI/pythia-70m,16,70426624
"The waitress offered them seats at the bar or a table, but the couple chose a table because it was private",table,dominant,yes,no,11.259648323059082,11.259648323059082,11.259648323059082,10.693702697753906,11.4960355758667,1, table,True,EleutherAI/pythia-70m,16,70426624
"The waitress offered them seats at the bar, but the couple chose a table because it was private.",table,dominant,no,no,11.305107116699219,11.305107116699219,11.305107116699219,10.74063777923584,11.41795539855957,1, table,True,EleutherAI/pythia-70m,16,70426624
"Paul had to decide between an emerald or diamond ring, he picked the diamond because his wife liked them best.",diamond,dominant,yes,no,12.171971321105957,12.171971321105957,12.171971321105957,9.756009101867676,11.53812026977539,1, diamond,True,EleutherAI/pythia-70m,16,70426624
"Paul had to decide between many different rings, he picked the diamond because his wife liked them best.",diamond,dominant,no,no,12.151826858520508,12.151826858520508,12.151826858520508,9.81569766998291,11.575459480285645,1, diamond,True,EleutherAI/pythia-70m,16,70426624
"Mark was shocked to discover that although he paid his bills on time, this month his water bill contained a late fee",bill,dominant,yes,no,11.558013916015625,11.558013916015625,11.558013916015625,10.25753402709961,10.255335807800293,1, bill,True,EleutherAI/pythia-70m,16,70426624
"Mark was shocked to discover that although he paid on time, this month his water bill contained a late fee.",bill,dominant,no,no,11.535137176513672,11.535137176513672,11.535137176513672,10.233552932739258,10.276225090026855,1, bill,True,EleutherAI/pythia-70m,16,70426624
"Anne was excited because she got a new tennis net and racket for Christmas, but the racket was the wrong size.",racket,dominant,yes,no,10.689947128295898,10.689947128295898,10.689947128295898,10.716695785522461,9.5630521774292,1, racket,True,EleutherAI/pythia-70m,16,70426624
"Anne was excited because she got new tennis equipment for Christmas, but the racket was the wrong size.",racket,dominant,no,no,10.739057540893555,10.739057540893555,10.739057540893555,10.65317440032959,9.560564041137695,1, racket,True,EleutherAI/pythia-70m,16,70426624
"The form could be filled out in pencil or pen, but Kelly used pen so her answers couldn't be accidentally erased.",pen,dominant,yes,no,11.65237045288086,11.65237045288086,11.65237045288086,9.823972702026367,10.757220268249512,1, pen,True,EleutherAI/pythia-70m,16,70426624
"The form could be filled out with any utensil, but Kelly used pen so her answers couldn't be accidentally erased.",pen,dominant,no,no,11.41843318939209,11.41843318939209,11.41843318939209,9.839080810546875,10.817209243774414,1, pen,True,EleutherAI/pythia-70m,16,70426624
"Carl brought a frisbee and a ball to the park, but his dog only wanted to play with the ball that day",ball,dominant,yes,no,11.138099670410156,11.138099670410156,11.138099670410156,11.022139549255371,10.799505233764648,1, ball,True,EleutherAI/pythia-70m,16,70426624
"Carl brought many toys to play fetch in the park, but his dog only wanted to play with the ball that day.",ball,dominant,no,no,11.058509826660156,11.058509826660156,11.058509826660156,11.087383270263672,10.858098983764648,1, ball,True,EleutherAI/pythia-70m,16,70426624
"When he saw that the bank was closed, Peter went to get coffee before going to the bank to cash his check.",bank,dominant,yes,no,9.99977970123291,9.99977970123291,9.99977970123291,9.698291778564453,11.395520210266113,1, bank,True,EleutherAI/pythia-70m,16,70426624
"When he saw that the teller line was long, Peter went to get coffee before going to the bank to cash his check.",bank,dominant,no,no,9.95663070678711,9.95663070678711,9.95663070678711,9.608602523803711,11.427350997924805,1, bank,True,EleutherAI/pythia-70m,16,70426624
"Carly was trying to connect the battery to the proper wire, but she grabbed the wrong wire and got shocked.",wire,dominant,yes,no,10.098898887634277,10.098898887634277,10.098898887634277,9.844051361083984,13.337440490722656,1, wire,True,EleutherAI/pythia-70m,16,70426624
"Carly was trying to connect the battery properly, but she grabbed the wrong wire and got shocked.",wire,dominant,no,no,10.08689022064209,10.08689022064209,10.08689022064209,9.934682846069336,13.344202041625977,1, wire,True,EleutherAI/pythia-70m,16,70426624
"In the city you hear many car alarms and horns, but the car horns are less annoying because they are quieter.",horns,dominant,yes,yes,9.603578567504883,9.603578567504883,9.603578567504883,12.034416198730469,10.311262130737305,1, horns,True,EleutherAI/pythia-70m,16,70426624
"In the city you hear many loud sounds, but the car horns are less annoying because they are quieter.",horns,dominant,no,yes,9.5412015914917,9.5412015914917,9.5412015914917,11.836368560791016,10.276291847229004,1, horns,True,EleutherAI/pythia-70m,16,70426624
"Shannon offered him candy or a mint, but he picked a mint because his breath was terrible.",mint,dominant,yes,no,12.411768913269043,12.411768913269043,12.411768913269043,10.20240592956543,11.26820182800293,1, mint,True,EleutherAI/pythia-70m,16,70426624
"Shannon offered him multiple candies, but he picked a mint because his breath was terrible.",mint,dominant,no,no,12.272693634033203,12.272693634033203,12.272693634033203,10.300812721252441,11.25089168548584,1, mint,True,EleutherAI/pythia-70m,16,70426624
"Eric gave permission slips to both his teacher and coach, but his strict coach refused to let him miss practice.",coach,dominant,yes,no,10.84498119354248,10.84498119354248,10.84498119354248,10.96521282196045,10.012685775756836,1, coach,True,EleutherAI/pythia-70m,16,70426624
"Eric gave permission slips to his school authorities, but his strict coach refused to let him miss practice.",coach,dominant,no,no,10.82129955291748,10.82129955291748,10.82129955291748,10.864273071289062,9.931197166442871,1, coach,True,EleutherAI/pythia-70m,16,70426624
"The teens knew how to play rummy or poker, but they decided to play poker because they wanted to win money.",poker,dominant,yes,no,11.506294250488281,11.506294250488281,11.506294250488281,10.94257640838623,10.441831588745117,1, poker,True,EleutherAI/pythia-70m,16,70426624
"The teens knew how to play a few card games, but they decided to play poker because they wanted to win money.",poker,dominant,no,no,11.673050880432129,11.673050880432129,11.673050880432129,11.008926391601562,10.452911376953125,1, poker,True,EleutherAI/pythia-70m,16,70426624
"Scott was a wrestler and a boxer when he was young, but being a boxer gave him arthritis.",boxer,dominant,yes,no,10.971941947937012,22.876160621643066,11.438080310821533,11.183448791503906,10.807390213012695,2, boxer,True,EleutherAI/pythia-70m,16,70426624
"Scott was a wrestler and a fighter when he was young, but being a boxer gave him arthritis.",boxer,dominant,no,no,10.970542907714844,22.85425567626953,11.427127838134766,11.186578750610352,10.772880554199219,2, boxer,True,EleutherAI/pythia-70m,16,70426624
"The builder was supposed to put in the new kitchen counter and cabinets, but the selected cabinet style was sold out.",cabinet,dominant,yes,yes,10.02128791809082,10.02128791809082,10.02128791809082,11.045933723449707,10.991693496704102,1, cabinet,True,EleutherAI/pythia-70m,16,70426624
"The builder was supposed to put in the new kitchen, but the selected cabinet style was sold out.",cabinet,dominant,no,yes,10.018608093261719,10.018608093261719,10.018608093261719,11.161691665649414,10.994423866271973,1, cabinet,True,EleutherAI/pythia-70m,16,70426624
"Mark's favorite band was playing in his town, but back stage passes to meet the band members were sold out.",band,dominant,yes,no,9.880142211914062,9.880142211914062,9.880142211914062,11.108017921447754,10.971257209777832,1, band,True,EleutherAI/pythia-70m,16,70426624
"Mark's favorite music group was playing in his town, but back stage passes to meet the band members were sold out.",band,dominant,no,no,10.015438079833984,10.015438079833984,10.015438079833984,11.09939956665039,10.948078155517578,1, band,True,EleutherAI/pythia-70m,16,70426624
"Maddy always paid attention and took notes, but when she was sick she had to get a copy of the notes from her friend.",notes,dominant,yes,yes,11.54863166809082,11.54863166809082,11.54863166809082,11.15733814239502,10.62261962890625,1, notes,True,EleutherAI/pythia-70m,16,70426624
"Maddy always paid attention and took notes, but when she was sick she had to get a copy of the notes from her friend.",notes,dominant,no,yes,11.54863166809082,11.54863166809082,11.54863166809082,11.15733814239502,10.62261962890625,1, notes,True,EleutherAI/pythia-70m,16,70426624
"Marge was responsible for finding a graduation speaker, so when the speaker canceled last minute she was fired.",speaker,dominant,yes,no,11.978342056274414,11.978342056274414,11.978342056274414,11.042559623718262,11.957014083862305,1, speaker,True,EleutherAI/pythia-70m,16,70426624
"Marge was responsible for organizing the graduation ceremony, so when the speaker canceled last minute she was fired.",speaker,dominant,no,no,11.911182403564453,11.911182403564453,11.911182403564453,11.103056907653809,11.748085021972656,1, speaker,True,EleutherAI/pythia-70m,16,70426624
"For class the kids had to write a poem or a legend, but everyone wrote a legend because it was easier.",legend,dominant,yes,no,10.522379875183105,10.522379875183105,10.522379875183105,10.493694305419922,11.444879531860352,1, legend,True,EleutherAI/pythia-70m,16,70426624
For class the kids had to write some kind of tall-tale; everyone wrote a legend because it was easier.,legend,dominant,no,no,10.757614135742188,10.757614135742188,10.757614135742188,10.478788375854492,11.33790111541748,1, legend,True,EleutherAI/pythia-70m,16,70426624
"At night Sue's mom reads her a story before bed, but last night they didn't read a story since she was in trouble.",story,dominant,yes,no,10.296079635620117,10.296079635620117,10.296079635620117,10.058805465698242,10.158487319946289,1, story,True,EleutherAI/pythia-70m,16,70426624
"At night Sue's mom reads her a book before bed, but last night they didn't read a story since she was in trouble.",story,dominant,no,no,10.166759490966797,10.166759490966797,10.166759490966797,9.994185447692871,10.10172176361084,1, story,True,EleutherAI/pythia-70m,16,70426624
"The students forgot to water the flowers and plant, so when they returned from break the plant was dead.",plant,dominant,yes,no,11.630529403686523,11.630529403686523,11.630529403686523,10.228584289550781,10.27298355102539,1, plant,True,EleutherAI/pythia-70m,16,70426624
"The students forgot to take care of the garden, so when they returned from break the plant was dead.",plant,dominant,no,no,11.609972953796387,11.609972953796387,11.609972953796387,10.333069801330566,10.331354141235352,1, plant,True,EleutherAI/pythia-70m,16,70426624
"The farmer grew potatoes and corn, but he only sold his corn at the local market.",corn,dominant,yes,no,11.327478408813477,11.327478408813477,11.327478408813477,10.957361221313477,9.100287437438965,1, corn,True,EleutherAI/pythia-70m,16,70426624
"The farmer grew many crops, but he only sold his corn at the local market.",corn,dominant,no,no,11.102561950683594,11.102561950683594,11.102561950683594,10.94582462310791,9.24668025970459,1, corn,True,EleutherAI/pythia-70m,16,70426624
Addictions and bad habits are hard to overcome because people often don't even realize what bad habit they have.,habit,dominant,yes,no,11.57557487487793,11.57557487487793,11.57557487487793,11.300009727478027,10.024646759033203,1, habit,True,EleutherAI/pythia-70m,16,70426624
Addictions and bad traits are hard to overcome because people often don't even realize what bad habit they have.,habit,dominant,no,no,11.620946884155273,11.620946884155273,11.620946884155273,11.276090621948242,9.868803024291992,1, habit,True,EleutherAI/pythia-70m,16,70426624
"The costume looked good with a tiara or crown, but Pam bought a crown because it was really cheap.",crown,dominant,yes,no,10.665075302124023,10.665075302124023,10.665075302124023,10.242596626281738,11.644735336303711,1, crown,True,EleutherAI/pythia-70m,16,70426624
"The costume looked good with a tiara, but Pam bought a crown because it was really cheap.",crown,dominant,no,no,10.645794868469238,10.645794868469238,10.645794868469238,10.266875267028809,11.555770874023438,1, crown,True,EleutherAI/pythia-70m,16,70426624
"The saleswoman recommended that Gabe try a different suit, but he liked the suit he had on too much to listen.",suit,dominant,yes,no,10.928088188171387,10.928088188171387,10.928088188171387,10.835697174072266,11.467218399047852,1, suit,True,EleutherAI/pythia-70m,16,70426624
"The saleswoman recommended that Gabe try something different, but he liked the suit he had on too much to listen.",suit,dominant,no,no,10.868399620056152,10.868399620056152,10.868399620056152,10.897550582885742,11.432804107666016,1, suit,True,EleutherAI/pythia-70m,16,70426624
"Kristen put her spring coat on, but she changed into her winter coat after she felt how cold it was.",coat,dominant,yes,no,10.614401817321777,10.614401817321777,10.614401817321777,10.711548805236816,10.339736938476562,1, coat,True,EleutherAI/pythia-70m,16,70426624
"Kristen put her spring jacket on, but she changed into her winter coat after she felt how cold it was.",coat,dominant,no,no,10.673787117004395,10.673787117004395,10.673787117004395,10.859926223754883,10.23290729522705,1, coat,True,EleutherAI/pythia-70m,16,70426624
"Cal hoped to see the moon and stars with his telescope, but he couldn't see the stars because of the city lights.",stars,dominant,yes,yes,10.285505294799805,10.285505294799805,10.285505294799805,9.95606517791748,9.990045547485352,1, stars,True,EleutherAI/pythia-70m,16,70426624
"Cal hoped to see something with his telescope, but he couldn't see the stars because of the city lights.",stars,dominant,no,yes,10.245683670043945,10.245683670043945,10.245683670043945,9.962888717651367,9.792632102966309,1, stars,True,EleutherAI/pythia-70m,16,70426624
"Joyce's breakfast was supposed to come with toast, but she substituted potatoes for the toast because of her diet.",toast,dominant,yes,no,11.134175300598145,11.134175300598145,11.134175300598145,10.197236061096191,10.031972885131836,1, toast,True,EleutherAI/pythia-70m,16,70426624
"Joyce's breakfast was supposed to come with bread, but she substituted potatoes for the toast because of her diet.",toast,dominant,no,no,11.061485290527344,11.061485290527344,11.061485290527344,10.259822845458984,10.018716812133789,1, toast,True,EleutherAI/pythia-70m,16,70426624
"Roger rewired the light and changed the bulb, but it still didn't turn on because the bulb he used was wrong.",bulb,dominant,yes,no,10.102310180664062,10.102310180664062,10.102310180664062,11.256871223449707,12.1527099609375,1, bulb,True,EleutherAI/pythia-70m,16,70426624
"Roger rewired the light, but it still didn't turn on because the bulb he used was wrong.",bulb,dominant,no,no,10.229109764099121,10.229109764099121,10.229109764099121,11.277950286865234,12.170782089233398,1, bulb,True,EleutherAI/pythia-70m,16,70426624
"Although the managers and staff were worried about potential job cuts, it turned out that none of the staff were let go.",staff,dominant,yes,no,11.119383811950684,11.119383811950684,11.119383811950684,12.092490196228027,11.159063339233398,1, staff,True,EleutherAI/pythia-70m,16,70426624
"Although the managers were worried about potential job cuts, it turned out that none of the staff were let go.",staff,dominant,no,no,11.048130989074707,11.048130989074707,11.048130989074707,12.144238471984863,11.155866622924805,1, staff,True,EleutherAI/pythia-70m,16,70426624
The patio had one very comfortable chair that Christa wanted because the only other chair was old and broken.,chair,dominant,yes,no,10.741165161132812,10.741165161132812,10.741165161132812,10.8846435546875,11.610417366027832,1, chair,True,EleutherAI/pythia-70m,16,70426624
The patio had one very comfortable seat that Christa wanted because the only other chair was old and broken.,chair,dominant,no,no,10.661304473876953,10.661304473876953,10.661304473876953,10.899213790893555,11.60233211517334,1, chair,True,EleutherAI/pythia-70m,16,70426624
